0,0,1,0
0.01,0.00999983,1.01,9.99967e-05
0.02,0.0199987,1.02,0.000399947
0.03,0.0299955,1.03,0.00089973
0.04,0.0399893,1.03999,0.00159915
0.05,0.0499792,1.04998,0.00249792
0.06,0.059964,1.05996,0.00359568
0.07,0.0699428,1.06994,0.004892
0.08,0.0799147,1.07991,0.00638636
0.09,0.0898786,1.08988,0.00807815
0.1,0.0998334,1.09983,0.00996671
0.11,0.109778,1.10978,0.0120513
0.12,0.119712,1.11971,0.014331
0.13,0.129634,1.12963,0.016805
0.14,0.139543,1.13954,0.0194723
0.15,0.149438,1.14944,0.0223318
0.16,0.159318,1.15932,0.0253823
0.17,0.169182,1.16918,0.0286227
0.18,0.17903,1.17903,0.0320516
0.19,0.188859,1.18886,0.0356677
0.2,0.198669,1.19867,0.0394695
0.21,0.20846,1.20846,0.0434555
0.22,0.21823,1.21823,0.0476242
0.23,0.227978,1.22798,0.0519738
0.24,0.237703,1.2377,0.0565025
0.25,0.247404,1.2474,0.0612087
0.26,0.257081,1.25708,0.0660904
0.27,0.266731,1.26673,0.0711457
0.28,0.276356,1.27636,0.0763724
0.29,0.285952,1.28595,0.0817687
0.3,0.29552,1.29552,0.0873322
0.31,0.305059,1.30506,0.0930608
0.32,0.314567,1.31457,0.0989521
0.33,0.324043,1.32404,0.105004
0.34,0.333487,1.33349,0.111214
0.35,0.342898,1.3429,0.117579
0.36,0.352274,1.35227,0.124097
0.37,0.361615,1.36162,0.130766
0.38,0.37092,1.37092,0.137582
0.39,0.380188,1.38019,0.144543
0.4,0.389418,1.38942,0.151647
0.41,0.398609,1.39861,0.158889
0.42,0.40776,1.40776,0.166269
0.43,0.416871,1.41687,0.173781
0.44,0.425939,1.42594,0.181424
0.45,0.434966,1.43497,0.189195
0.46,0.443948,1.44395,0.19709
0.47,0.452886,1.45289,0.205106
0.48,0.461779,1.46178,0.21324
0.49,0.470626,1.47063,0.221489
0.5,0.479426,1.47943,0.229849
0.51,0.488177,1.48818,0.238317
0.52,0.49688,1.49688,0.24689
0.53,0.505533,1.50553,0.255564
0.54,0.514136,1.51414,0.264336
0.55,0.522687,1.52269,0.273202
0.56,0.531186,1.53119,0.282159
0.57,0.539632,1.53963,0.291203
0.58,0.548024,1.54802,0.30033
0.59,0.556361,1.55636,0.309538
0.6,0.564642,1.56464,0.318821
0.61,0.572867,1.57287,0.328177
0.62,0.581035,1.58104,0.337602
0.63,0.589145,1.58914,0.347092
0.64,0.597195,1.5972,0.356642
0.65,0.605186,1.60519,0.366251
0.66,0.613117,1.61312,0.375912
0.67,0.620986,1.62099,0.385624
0.68,0.628793,1.62879,0.395381
0.69,0.636537,1.63654,0.40518
0.7,0.644218,1.64422,0.415016
0.71,0.651834,1.65183,0.424887
0.72,0.659385,1.65938,0.434788
0.73,0.66687,1.66687,0.444715
0.74,0.674288,1.67429,0.454664
0.75,0.681639,1.68164,0.464631
0.76,0.688921,1.68892,0.474613
0.77,0.696135,1.69614,0.484604
0.78,0.703279,1.70328,0.494602
0.79,0.710353,1.71035,0.504602
0.8,0.717356,1.71736,0.5146
0.81,0.724287,1.72429,0.524592
0.82,0.731146,1.73115,0.534574
0.83,0.737931,1.73793,0.544543
0.84,0.744643,1.74464,0.554493
0.85,0.75128,1.75128,0.564422
0.86,0.757843,1.75784,0.574325
0.87,0.764329,1.76433,0.584199
0.88,0.770739,1.77074,0.594038
0.89,0.777072,1.77707,0.60384
0.9,0.783327,1.78333,0.613601
0.91,0.789504,1.7895,0.623316
0.92,0.795602,1.7956,0.632982
0.93,0.80162,1.80162,0.642595
0.94,0.807558,1.80756,0.65215
0.95,0.813416,1.81342,0.661645
0.96,0.819192,1.81919,0.671075
0.97,0.824886,1.82489,0.680436
0.98,0.830497,1.8305,0.689726
0.99,0.836026,1.83603,0.69894
1,0.841471,1.84147,0.708073
1.01,0.846832,1.84683,0.717124
1.02,0.852108,1.85211,0.726088
1.03,0.857299,1.8573,0.734962
1.04,0.862404,1.8624,0.743741
1.05,0.867423,1.86742,0.752423
1.06,0.872355,1.87236,0.761004
1.07,0.877201,1.8772,0.769481
1.08,0.881958,1.88196,0.77785
1.09,0.886627,1.88663,0.786107
1.1,0.891207,1.89121,0.794251
1.11,0.895699,1.8957,0.802276
1.12,0.9001,1.9001,0.810181
1.13,0.904412,1.90441,0.817961
1.14,0.908633,1.90863,0.825615
1.15,0.912764,1.91276,0.833138
1.16,0.916803,1.9168,0.840528
1.17,0.920751,1.92075,0.847782
1.18,0.924606,1.92461,0.854896
1.19,0.928369,1.92837,0.861869
1.2,0.932039,1.93204,0.868697
1.21,0.935616,1.93562,0.875377
1.22,0.939099,1.9391,0.881908
1.23,0.942489,1.94249,0.888285
1.24,0.945784,1.94578,0.894507
1.25,0.948985,1.94898,0.900572
1.26,0.95209,1.95209,0.906476
1.27,0.955101,1.9551,0.912218
1.28,0.958016,1.95802,0.917794
1.29,0.960835,1.96083,0.923204
1.3,0.963558,1.96356,0.928444
1.31,0.966185,1.96618,0.933513
1.32,0.968715,1.96872,0.938409
1.33,0.971148,1.97115,0.943129
1.34,0.973485,1.97348,0.947672
1.35,0.975723,1.97572,0.952036
1.36,0.977865,1.97786,0.956219
1.37,0.979908,1.97991,0.96022
1.38,0.981854,1.98185,0.964036
1.39,0.983701,1.9837,0.967667
1.4,0.98545,1.98545,0.971111
1.41,0.9871,1.9871,0.974367
1.42,0.988652,1.98865,0.977432
1.43,0.990105,1.9901,0.980307
1.44,0.991458,1.99146,0.98299
1.45,0.992713,1.99271,0.985479
1.46,0.993868,1.99387,0.987774
1.47,0.994924,1.99492,0.989874
1.48,0.995881,1.99588,0.991779
1.49,0.996738,1.99674,0.993486
1.5,0.997495,1.99749,0.994996
1.51,0.998152,1.99815,0.996308
1.52,0.99871,1.99871,0.997422
1.53,0.999168,1.99917,0.998337
1.54,0.999526,1.99953,0.999052
1.55,0.999784,1.99978,0.999568
1.56,0.999942,1.99994,0.999883
1.57,1,2,0.999999
1.58,0.999958,1.99996,0.999915
1.59,0.999816,1.99982,0.999631
1.6,0.999574,1.99957,0.999147
1.61,0.999232,1.99923,0.998464
1.62,0.99879,1.99879,0.997581
1.63,0.998248,1.99825,0.996499
1.64,0.997606,1.99761,0.995219
1.65,0.996865,1.99687,0.99374
1.66,0.996024,1.99602,0.992064
1.67,0.995083,1.99508,0.990191
1.68,0.994043,1.99404,0.988122
1.69,0.992904,1.9929,0.985858
1.7,0.991665,1.99166,0.983399
1.71,0.990327,1.99033,0.980747
1.72,0.98889,1.98889,0.977903
1.73,0.987354,1.98735,0.974868
1.74,0.985719,1.98572,0.971642
1.75,0.983986,1.98399,0.968228
1.76,0.982154,1.98215,0.964627
1.77,0.980224,1.98022,0.96084
1.78,0.978197,1.9782,0.956869
1.79,0.976071,1.97607,0.952715
1.8,0.973848,1.97385,0.948379
1.81,0.971527,1.97153,0.943865
1.82,0.969109,1.96911,0.939173
1.83,0.966594,1.96659,0.934305
1.84,0.963983,1.96398,0.929263
1.85,0.961275,1.96128,0.92405
1.86,0.958471,1.95847,0.918667
1.87,0.955572,1.95557,0.913117
1.88,0.952576,1.95258,0.907401
1.89,0.949486,1.94949,0.901523
1.9,0.9463,1.9463,0.895484
1.91,0.94302,1.94302,0.889287
1.92,0.939645,1.93965,0.882934
1.93,0.936177,1.93618,0.876428
1.94,0.932615,1.93262,0.869771
1.95,0.92896,1.92896,0.862966
1.96,0.925211,1.92521,0.856016
1.97,0.921371,1.92137,0.848924
1.98,0.917438,1.91744,0.841692
1.99,0.913413,1.91341,0.834324
2,0.909297,1.9093,0.826822
2.01,0.905091,1.90509,0.819189
2.02,0.900793,1.90079,0.811428
2.03,0.896406,1.89641,0.803543
2.04,0.891929,1.89193,0.795537
2.05,0.887362,1.88736,0.787412
2.06,0.882707,1.88271,0.779172
2.07,0.877964,1.87796,0.770821
2.08,0.873133,1.87313,0.762361
2.09,0.868215,1.86821,0.753797
2.1,0.863209,1.86321,0.745131
2.11,0.858118,1.85812,0.736366
2.12,0.852941,1.85294,0.727508
2.13,0.847678,1.84768,0.718558
2.14,0.84233,1.84233,0.709521
2.15,0.836899,1.8369,0.7004
2.16,0.831383,1.83138,0.691198
2.17,0.825785,1.82578,0.681921
2.18,0.820104,1.8201,0.67257
2.19,0.814341,1.81434,0.663151
2.2,0.808496,1.8085,0.653666
2.21,0.802571,1.80257,0.64412
2.22,0.796565,1.79657,0.634517
2.23,0.79048,1.79048,0.624859
2.24,0.784316,1.78432,0.615152
2.25,0.778073,1.77807,0.605398
2.26,0.771753,1.77175,0.595602
2.27,0.765355,1.76535,0.585768
2.28,0.758881,1.75888,0.5759
2.29,0.752331,1.75233,0.566001
2.3,0.745705,1.74571,0.556076
2.31,0.739005,1.73901,0.546129
2.32,0.732231,1.73223,0.536163
2.33,0.725384,1.72538,0.526183
2.34,0.718465,1.71846,0.516192
2.35,0.711473,1.71147,0.506194
2.36,0.704411,1.70441,0.496195
2.37,0.697278,1.69728,0.486196
2.38,0.690075,1.69007,0.476203
2.39,0.682803,1.6828,0.46622
2.4,0.675463,1.67546,0.45625
2.41,0.668056,1.66806,0.446298
2.42,0.660581,1.66058,0.436367
2.43,0.653041,1.65304,0.426462
2.44,0.645435,1.64543,0.416586
2.45,0.637765,1.63776,0.406744
2.46,0.630031,1.63003,0.396939
2.47,0.622234,1.62223,0.387175
2.48,0.614374,1.61437,0.377456
2.49,0.606454,1.60645,0.367786
2.5,0.598472,1.59847,0.358169
2.51,0.590431,1.59043,0.348609
2.52,0.582331,1.58233,0.339109
2.53,0.574172,1.57417,0.329674
2.54,0.565956,1.56596,0.320306
2.55,0.557684,1.55768,0.311011
2.56,0.549356,1.54936,0.301791
2.57,0.540972,1.54097,0.292651
2.58,0.532535,1.53253,0.283593
2.59,0.524044,1.52404,0.274623
2.6,0.515501,1.5155,0.265742
2.61,0.506907,1.50691,0.256955
2.62,0.498262,1.49826,0.248265
2.63,0.489567,1.48957,0.239675
2.64,0.480823,1.48082,0.23119
2.65,0.47203,1.47203,0.222813
2.66,0.463191,1.46319,0.214546
2.67,0.454306,1.45431,0.206394
2.68,0.445375,1.44537,0.198359
2.69,0.436399,1.4364,0.190444
2.7,0.42738,1.42738,0.182654
2.71,0.418318,1.41832,0.17499
2.72,0.409214,1.40921,0.167456
2.73,0.400069,1.40007,0.160056
2.74,0.390885,1.39088,0.152791
2.75,0.381661,1.38166,0.145665
2.76,0.372399,1.3724,0.138681
2.77,0.3631,1.3631,0.131842
2.78,0.353764,1.35376,0.125149
2.79,0.344393,1.34439,0.118607
2.8,0.334988,1.33499,0.112217
2.81,0.325549,1.32555,0.105982
2.82,0.316078,1.31608,0.0999053
2.83,0.306575,1.30658,0.0939883
2.84,0.297041,1.29704,0.0882336
2.85,0.287478,1.28748,0.0826437
2.86,0.277886,1.27789,0.0772206
2.87,0.268266,1.26827,0.0719667
2.88,0.258619,1.25862,0.0668839
2.89,0.248947,1.24895,0.0619745
2.9,0.239249,1.23925,0.0572402
2.91,0.229528,1.22953,0.052683
2.92,0.219784,1.21978,0.0483048
2.93,0.210017,1.21002,0.0441072
2.94,0.20023,1.20023,0.040092
2.95,0.190423,1.19042,0.0362608
2.96,0.180596,1.1806,0.032615
2.97,0.170752,1.17075,0.0291562
2.98,0.16089,1.16089,0.0258857
2.99,0.151013,1.15101,0.0228048
3,0.14112,1.14112,0.0199149
3.01,0.131213,1.13121,0.0172169
3.02,0.121293,1.12129,0.0147121
3.03,0.111361,1.11136,0.0124013
3.04,0.101418,1.10142,0.0102856
3.05,0.0914647,1.09146,0.00836579
3.06,0.0815022,1.0815,0.00664261
3.07,0.0715316,1.07153,0.00511677
3.08,0.0615538,1.06155,0.00378887
3.09,0.0515699,1.05157,0.00265945
3.1,0.0415808,1.04158,0.00172896
3.11,0.0315875,1.03159,0.00099777
3.12,0.0215911,1.02159,0.000466175
3.13,0.0115923,1.01159,0.000134381
3.14,0.00159255,1.00159,2.53621e-06
3.15,-0.00840734,0.991593,7.06834e-05
3.16,-0.0184064,0.981594,0.000338795
3.17,-0.0284036,0.971596,0.000806765
3.18,-0.038398,0.961602,0.0014744
3.19,-0.0483885,0.951612,0.00234145
3.2,-0.0583742,0.941626,0.00340755
3.21,-0.068354,0.931646,0.00467228
3.22,-0.0783271,0.921673,0.00613513
3.23,-0.0882922,0.911708,0.00779552
3.24,-0.0982486,0.901751,0.00965279
3.25,-0.108195,0.891805,0.0117062
3.26,-0.118131,0.881869,0.0139549
3.27,-0.128055,0.871945,0.016398
3.28,-0.137966,0.862034,0.0190346
3.29,-0.147863,0.852137,0.0218635
3.3,-0.157746,0.842254,0.0248837
3.31,-0.167612,0.832388,0.0280939
3.32,-0.177462,0.822538,0.0314929
3.33,-0.187295,0.812705,0.0350793
3.34,-0.197108,0.802892,0.0388516
3.35,-0.206902,0.793098,0.0428084
3.36,-0.216675,0.783325,0.046948
3.37,-0.226426,0.773574,0.0512689
3.38,-0.236155,0.763845,0.0557694
3.39,-0.245861,0.754139,0.0604474
3.4,-0.255541,0.744459,0.0653013
3.41,-0.265196,0.734804,0.070329
3.42,-0.274825,0.725175,0.0755286
3.43,-0.284426,0.715574,0.080898
3.44,-0.293998,0.706002,0.086435
3.45,-0.303542,0.696458,0.0921375
3.46,-0.313054,0.686946,0.098003
3.47,-0.322536,0.677464,0.104029
3.48,-0.331985,0.668015,0.110214
3.49,-0.341401,0.658599,0.116555
3.5,-0.350783,0.649217,0.123049
3.51,-0.36013,0.63987,0.129694
3.52,-0.369441,0.630559,0.136487
3.53,-0.378715,0.621285,0.143425
3.54,-0.387951,0.612049,0.150506
3.55,-0.397148,0.602852,0.157727
3.56,-0.406306,0.593694,0.165084
3.57,-0.415423,0.584577,0.172576
3.58,-0.424498,0.575502,0.180198
3.59,-0.433531,0.566469,0.187949
3.6,-0.44252,0.55748,0.195824
3.61,-0.451466,0.548534,0.203821
3.62,-0.460366,0.539634,0.211937
3.63,-0.46922,0.53078,0.220168
3.64,-0.478027,0.521973,0.22851
3.65,-0.486787,0.513213,0.236961
3.66,-0.495497,0.504503,0.245518
3.67,-0.504159,0.495841,0.254176
3.68,-0.512769,0.487231,0.262932
3.69,-0.521329,0.478671,0.271784
3.7,-0.529836,0.470164,0.280726
3.71,-0.538291,0.461709,0.289757
3.72,-0.546691,0.453309,0.298871
3.73,-0.555037,0.444963,0.308066
3.74,-0.563327,0.436673,0.317338
3.75,-0.571561,0.428439,0.326682
3.76,-0.579738,0.420262,0.336096
3.77,-0.587857,0.412143,0.345576
3.78,-0.595917,0.404083,0.355117
3.79,-0.603918,0.396082,0.364717
3.8,-0.611858,0.388142,0.37437
3.81,-0.619737,0.380263,0.384074
3.82,-0.627554,0.372446,0.393824
3.83,-0.635308,0.364692,0.403616
3.84,-0.642999,0.357001,0.413447
3.85,-0.650625,0.349375,0.423313
3.86,-0.658186,0.341814,0.433209
3.87,-0.665682,0.334318,0.443132
3.88,-0.673111,0.326889,0.453078
3.89,-0.680473,0.319527,0.463043
3.9,-0.687766,0.312234,0.473022
3.91,-0.694991,0.305009,0.483013
3.92,-0.702146,0.297854,0.49301
3.93,-0.709231,0.290769,0.503009
3.94,-0.716246,0.283754,0.513008
3.95,-0.723188,0.276812,0.523001
3.96,-0.730058,0.269942,0.532985
3.97,-0.736856,0.263144,0.542956
3.98,-0.743579,0.256421,0.55291
3.99,-0.750228,0.249772,0.562843
4,-0.756802,0.243198,0.57275
4.01,-0.763301,0.236699,0.582629
4.02,-0.769723,0.230277,0.592474
4.03,-0.776068,0.223932,0.602282
4.04,-0.782336,0.217664,0.612049
4.05,-0.788525,0.211475,0.621772
4.06,-0.794636,0.205364,0.631446
4.07,-0.800667,0.199333,0.641067
4.08,-0.806618,0.193382,0.650632
4.09,-0.812488,0.187512,0.660137
4.1,-0.818277,0.181723,0.669577
4.11,-0.823984,0.176016,0.67895
4.12,-0.829609,0.170391,0.688251
4.13,-0.835151,0.164849,0.697477
4.14,-0.840609,0.159391,0.706624
4.15,-0.845984,0.154016,0.715688
4.16,-0.851273,0.148727,0.724666
4.17,-0.856478,0.143522,0.733555
4.18,-0.861597,0.138403,0.742349
4.19,-0.86663,0.13337,0.751047
4.2,-0.871576,0.128424,0.759644
4.21,-0.876435,0.123565,0.768138
4.22,-0.881206,0.118794,0.776524
4.23,-0.885889,0.114111,0.7848
4.24,-0.890484,0.109516,0.792961
4.25,-0.894989,0.105011,0.801006
4.26,-0.899406,0.100594,0.80893
4.27,-0.903732,0.0962685,0.816731
4.28,-0.907967,0.0920327,0.824405
4.29,-0.912112,0.0878878,0.831949
4.3,-0.916166,0.083834,0.83936
4.31,-0.920128,0.079872,0.846636
4.32,-0.923998,0.0760018,0.853773
4.33,-0.927776,0.0722241,0.860768
4.34,-0.931461,0.0685391,0.867619
4.35,-0.935053,0.0649475,0.874323
4.36,-0.938551,0.0614491,0.880878
4.37,-0.941955,0.0580447,0.88728
4.38,-0.945266,0.0547345,0.893527
4.39,-0.948481,0.0515188,0.899617
4.4,-0.951602,0.0483979,0.905547
4.41,-0.954628,0.0453722,0.911314
4.42,-0.957558,0.042442,0.916917
4.43,-0.960392,0.0396076,0.922354
4.44,-0.963131,0.036869,0.927621
4.45,-0.965773,0.034227,0.932717
4.46,-0.968319,0.0316814,0.937641
4.47,-0.970767,0.0292327,0.942389
4.48,-0.973119,0.026881,0.946961
4.49,-0.975373,0.0246267,0.951353
4.5,-0.97753,0.0224699,0.955565
4.51,-0.979589,0.0204108,0.959595
4.52,-0.98155,0.0184497,0.963441
4.53,-0.983413,0.0165868,0.967102
4.54,-0.985178,0.0148222,0.970575
4.55,-0.986844,0.0131561,0.973861
4.56,-0.988411,0.0115888,0.976957
4.57,-0.98988,0.0101202,0.979862
4.58,-0.991249,0.00875062,0.982575
4.59,-0.99252,0.00748014,0.985096
4.6,-0.993691,0.00630903,0.987422
4.61,-0.994763,0.00523716,0.989553
4.62,-0.995735,0.00426483,0.991489
4.63,-0.996608,0.00339204,0.993227
4.64,-0.997381,0.00261897,0.994769
4.65,-0.998054,0.00194556,0.996113
4.66,-0.998628,0.00137198,0.997258
4.67,-0.999102,0.000898302,0.998204
4.68,-0.999476,0.000524461,0.998951
4.69,-0.999749,0.000250638,0.999499
4.7,-0.999923,7.67708e-05,0.999846
4.71,-0.999997,2.86102e-06,0.999994
4.72,-0.999971,2.89679e-05,0.999942
4.73,-0.999845,0.000155091,0.99969
4.74,-0.999619,0.000381172,0.999238
4.75,-0.999293,0.000707209,0.998586
4.76,-0.998867,0.0011332,0.997735
4.77,-0.998341,0.00165904,0.996685
4.78,-0.997715,0.00228477,0.995436
4.79,-0.99699,0.00301021,0.993989
4.8,-0.996165,0.00383538,0.992344
4.81,-0.99524,0.00476015,0.990502
4.82,-0.994215,0.00578451,0.988464
4.83,-0.993092,0.00690818,0.986231
4.84,-0.991869,0.00813127,0.983804
4.85,-0.990547,0.00945348,0.981182
4.86,-0.989125,0.0108747,0.978369
4.87,-0.987605,0.0123949,0.975364
4.88,-0.985986,0.0140139,0.972169
4.89,-0.984269,0.0157314,0.968785
4.9,-0.982453,0.0175474,0.965213
4.91,-0.980538,0.0194616,0.961456
4.92,-0.978526,0.0214739,0.957513
4.93,-0.976416,0.0235839,0.953388
4.94,-0.974208,0.0257918,0.949082
4.95,-0.971903,0.0280969,0.944596
4.96,-0.969501,0.0304993,0.939932
4.97,-0.967001,0.0329986,0.935092
4.98,-0.964405,0.0355946,0.930078
4.99,-0.961713,0.038287,0.924892
5,-0.958924,0.0410757,0.919536
5.01,-0.95604,0.0439603,0.914012
5.02,-0.95306,0.0469404,0.908323
5.03,-0.949984,0.0500159,0.90247
5.04,-0.946814,0.0531862,0.896456
5.05,-0.943549,0.0564514,0.890284
5.06,-0.940189,0.0598108,0.883956
5.07,-0.936736,0.0632643,0.877474
5.08,-0.933189,0.0668114,0.870841
5.09,-0.929548,0.070452,0.86406
5.1,-0.925815,0.0741853,0.857133
5.11,-0.921989,0.0780114,0.850063
5.12,-0.91807,0.0819295,0.842853
5.13,-0.91406,0.0859396,0.835506
5.14,-0.909959,0.0900409,0.828026
5.15,-0.905767,0.0942334,0.820413
5.16,-0.901484,0.0985163,0.812673
5.17,-0.89711,0.10289,0.804807
5.18,-0.892648,0.107352,0.79682
5.19,-0.888096,0.111904,0.788714
5.2,-0.883455,0.116545,0.780492
5.21,-0.878725,0.121275,0.772158
5.22,-0.873908,0.126092,0.763716
5.23,-0.869004,0.130996,0.755167
5.24,-0.864012,0.135988,0.746517
5.25,-0.858935,0.141065,0.737769
5.26,-0.853771,0.146229,0.728924
5.27,-0.848522,0.151478,0.719989
5.28,-0.843188,0.156812,0.710965
5.29,-0.83777,0.16223,0.701858
5.3,-0.832267,0.167733,0.692669
5.31,-0.826682,0.173318,0.683403
5.32,-0.821014,0.178986,0.674064
5.33,-0.815264,0.184736,0.664656
5.34,-0.809433,0.190567,0.655181
5.35,-0.80352,0.19648,0.645645
5.36,-0.797527,0.202473,0.63605
5.37,-0.791455,0.208545,0.626401
5.38,-0.785303,0.214697,0.616701
5.39,-0.779073,0.220927,0.606954
5.4,-0.772764,0.227236,0.597165
5.41,-0.766379,0.233621,0.587337
5.42,-0.759917,0.240083,0.577474
5.43,-0.753379,0.246621,0.56758
5.44,-0.746765,0.253235,0.557659
5.45,-0.740077,0.259923,0.547715
5.46,-0.733315,0.266685,0.537751
5.47,-0.72648,0.27352,0.527773
5.48,-0.719572,0.280428,0.517783
5.49,-0.712592,0.287408,0.507787
5.5,-0.70554,0.29446,0.497787
5.51,-0.698418,0.301582,0.487788
5.52,-0.691227,0.308773,0.477794
5.53,-0.683966,0.316034,0.467809
5.54,-0.676637,0.323363,0.457837
5.55,-0.66924,0.33076,0.447882
5.56,-0.661776,0.338224,0.437948
5.57,-0.654246,0.345754,0.428038
5.58,-0.646651,0.353349,0.418157
5.59,-0.63899,0.36101,0.408309
5.6,-0.631267,0.368733,0.398498
5.61,-0.623479,0.376521,0.388727
5.62,-0.61563,0.38437,0.379001
5.63,-0.607719,0.392281,0.369322
5.64,-0.599747,0.400253,0.359697
5.65,-0.591716,0.408284,0.350127
5.66,-0.583625,0.416375,0.340618
5.67,-0.575475,0.424525,0.331172
5.68,-0.567269,0.432731,0.321794
5.69,-0.559005,0.440995,0.312487
5.7,-0.550686,0.449314,0.303255
5.71,-0.542311,0.457689,0.294101
5.72,-0.533882,0.466118,0.28503
5.73,-0.5254,0.4746,0.276045
5.74,-0.516866,0.483134,0.26715
5.75,-0.508279,0.491721,0.258348
5.76,-0.499642,0.500358,0.249642
5.77,-0.490955,0.509045,0.241037
5.78,-0.482218,0.517782,0.232534
5.79,-0.473434,0.526566,0.22414
5.8,-0.464602,0.535398,0.215855
5.81,-0.455724,0.544276,0.207684
5.82,-0.4468,0.5532,0.19963
5.83,-0.437832,0.562168,0.191696
5.84,-0.428819,0.571181,0.183886
5.85,-0.419764,0.580236,0.176202
5.86,-0.410667,0.589333,0.168647
5.87,-0.401529,0.598471,0.161225
5.88,-0.39235,0.60765,0.153939
5.89,-0.383133,0.616867,0.146791
5.9,-0.373877,0.626123,0.139784
5.91,-0.364583,0.635417,0.132921
5.92,-0.355253,0.644747,0.126205
5.93,-0.345888,0.654112,0.119639
5.94,-0.336488,0.663512,0.113224
5.95,-0.327055,0.672945,0.106965
5.96,-0.317589,0.682411,0.100862
5.97,-0.308091,0.691909,0.0949199
5.98,-0.298562,0.701438,0.0891391
5.99,-0.289003,0.710997,0.0835229
6,-0.279415,0.720585,0.078073
6.01,-0.2698,0.7302,0.0727919
6.02,-0.260157,0.739843,0.0676819
6.03,-0.250489,0.749511,0.0627446
6.04,-0.240795,0.759205,0.0579825
6.05,-0.231078,0.768922,0.0533969
6.06,-0.221337,0.778663,0.0489901
6.07,-0.211574,0.788426,0.0447636
6.08,-0.20179,0.79821,0.0407193
6.09,-0.191986,0.808014,0.0368585
6.1,-0.182163,0.817837,0.0331832
6.11,-0.172321,0.827679,0.0296944
6.12,-0.162462,0.837538,0.0263939
6.13,-0.152587,0.847413,0.0232827
6.14,-0.142697,0.857303,0.0203623
6.15,-0.132792,0.867208,0.0176337
6.16,-0.122874,0.877126,0.0150981
6.17,-0.112944,0.887056,0.0127563
6.18,-0.103002,0.896998,0.0106095
6.19,-0.0930504,0.90695,0.00865838
6.2,-0.0830896,0.91691,0.00690388
6.21,-0.07312,0.92688,0.00534653
6.22,-0.0631435,0.936857,0.0039871
6.23,-0.0531602,0.94684,0.00282601
6.24,-0.0431721,0.956828,0.00186383
6.25,-0.0331792,0.966821,0.00110086
6.26,-0.023183,0.976817,0.000537452
6.27,-0.0131849,0.986815,0.000173843
6.28,-0.00318509,0.996815,1.01448e-05
6.29,0.0068146,1.00681,4.64388e-05
6.3,0.0168141,1.01681,0.000282714
6.31,0.0268114,1.02681,0.000718852
6.32,0.0368065,1.03681,0.00135472
6.33,0.0467975,1.0468,0.00219001
6.34,0.0567843,1.05678,0.00322445
6.35,0.0667649,1.06676,0.00445755
6.36,0.0767393,1.07674,0.00588892
6.37,0.0867056,1.08671,0.00751786
6.38,0.0966636,1.09666,0.00934386
6.39,0.106612,1.10661,0.011366
6.4,0.116549,1.11655,0.0135837
6.41,0.126475,1.12647,0.0159959
6.42,0.136388,1.13639,0.0186018
6.43,0.146288,1.14629,0.0214001
6.44,0.156173,1.15617,0.02439
6.45,0.166042,1.16604,0.0275699
6.46,0.175895,1.17589,0.030939
6.47,0.18573,1.18573,0.0344955
6.48,0.195547,1.19555,0.0382384
6.49,0.205343,1.20534,0.0421659
6.5,0.21512,1.21512,0.0462766
6.51,0.224875,1.22488,0.0505688
6.52,0.234607,1.23461,0.0550406
6.53,0.244317,1.24432,0.0596906
6.54,0.254001,1.254,0.0645165
6.55,0.26366,1.26366,0.0695168
6.56,0.273293,1.27329,0.074689
6.57,0.282899,1.2829,0.0800316
6.58,0.292476,1.29248,0.085542
6.59,0.302024,1.30202,0.0912184
6.6,0.311541,1.31154,0.097058
6.61,0.321028,1.32103,0.103059
6.62,0.330482,1.33048,0.109219
6.63,0.339904,1.3399,0.115535
6.64,0.349291,1.34929,0.122004
6.65,0.358644,1.35864,0.128625
6.66,0.36796,1.36796,0.135395
6.67,0.37724,1.37724,0.14231
6.68,0.386482,1.38648,0.149369
6.69,0.395686,1.39569,0.156567
6.7,0.40485,1.40485,0.163903
6.71,0.413973,1.41397,0.171374
6.72,0.423055,1.42306,0.178976
6.73,0.432095,1.4321,0.186706
6.74,0.441091,1.44109,0.194562
6.75,0.450044,1.45004,0.20254
6.76,0.458952,1.45895,0.210637
6.77,0.467813,1.46781,0.218849
6.78,0.476628,1.47663,0.227174
6.79,0.485395,1.48539,0.235608
6.8,0.494114,1.49411,0.244148
6.81,0.502782,1.50278,0.25279
6.82,0.511401,1.5114,0.261531
6.83,0.519969,1.51997,0.270368
6.84,0.528485,1.52848,0.279296
6.85,0.536948,1.53695,0.288313
6.86,0.545357,1.54536,0.297414
6.87,0.553711,1.55371,0.306596
6.88,0.562011,1.56201,0.315856
6.89,0.570254,1.57025,0.325189
6.9,0.57844,1.57844,0.334593
6.91,0.586568,1.58657,0.344062
6.92,0.594638,1.59464,0.353594
6.93,0.602647,1.60265,0.363184
6.94,0.610597,1.6106,0.372829
6.95,0.618486,1.61849,0.382525
6.96,0.626313,1.62631,0.392268
6.97,0.634077,1.63408,0.402054
6.98,0.641778,1.64178,0.411879
6.99,0.649415,1.64941,0.421739
7,0.656987,1.65699,0.431631
7.01,0.664493,1.66449,0.441551
7.02,0.671932,1.67193,0.451493
7.03,0.679305,1.6793,0.461455
7.04,0.686609,1.68661,0.471432
7.05,0.693845,1.69385,0.481421
7.06,0.701011,1.70101,0.491417
7.07,0.708108,1.70811,0.501417
7.08,0.715133,1.71513,0.511415
7.09,0.722087,1.72209,0.52141
7.1,0.728969,1.72897,0.531396
7.11,0.735778,1.73578,0.541369
7.12,0.742513,1.74251,0.551326
7.13,0.749174,1.74917,0.561262
7.14,0.75576,1.75576,0.571174
7.15,0.762271,1.76227,0.581057
7.16,0.768705,1.76871,0.590908
7.17,0.775063,1.77506,0.600723
7.18,0.781343,1.78134,0.610497
7.19,0.787545,1.78754,0.620227
7.2,0.793668,1.79367,0.629908
7.21,0.799712,1.79971,0.639539
7.22,0.805675,1.80568,0.649113
7.23,0.811559,1.81156,0.658627
7.24,0.81736,1.81736,0.668078
7.25,0.823081,1.82308,0.677462
7.26,0.828719,1.82872,0.686775
7.27,0.834274,1.83427,0.696013
7.28,0.839746,1.83975,0.705173
7.29,0.845133,1.84513,0.71425
7.3,0.850437,1.85044,0.723243
7.31,0.855655,1.85565,0.732145
7.32,0.860787,1.86079,0.740955
7.33,0.865834,1.86583,0.749668
7.34,0.870794,1.87079,0.758282
7.35,0.875667,1.87567,0.766792
7.36,0.880452,1.88045,0.775196
7.37,0.885149,1.88515,0.783489
7.38,0.889758,1.88976,0.791669
7.39,0.894278,1.89428,0.799733
7.4,0.898708,1.89871,0.807676
7.41,0.903049,1.90305,0.815497
7.42,0.907299,1.9073,0.823191
7.43,0.911458,1.91146,0.830756
7.44,0.915526,1.91553,0.838189
7.45,0.919503,1.9195,0.845486
7.46,0.923388,1.92339,0.852645
7.47,0.92718,1.92718,0.859663
7.48,0.93088,1.93088,0.866538
7.49,0.934487,1.93449,0.873265
7.5,0.938,1.938,0.879844
7.51,0.941419,1.94142,0.886271
7.52,0.944745,1.94474,0.892542
7.53,0.947975,1.94798,0.898657
7.54,0.951111,1.95111,0.904613
7.55,0.954152,1.95415,0.910407
7.56,0.957098,1.9571,0.916036
7.57,0.959948,1.95995,0.921499
7.58,0.962701,1.9627,0.926794
7.59,0.965359,1.96536,0.931917
7.6,0.96792,1.96792,0.936868
7.61,0.970384,1.97038,0.941645
7.62,0.972751,1.97275,0.946244
7.63,0.975021,1.97502,0.950666
7.64,0.977193,1.97719,0.954906
7.65,0.979268,1.97927,0.958965
7.66,0.981244,1.98124,0.962841
7.67,0.983123,1.98312,0.966531
7.68,0.984903,1.9849,0.970034
7.69,0.986585,1.98659,0.97335
7.7,0.988168,1.98817,0.976476
7.71,0.989653,1.98965,0.979412
7.72,0.991038,1.99104,0.982156
7.73,0.992324,1.99232,0.984707
7.74,0.993511,1.99351,0.987064
7.75,0.994599,1.9946,0.989227
7.76,0.995587,1.99559,0.991193
7.77,0.996476,1.99648,0.992964
7.78,0.997265,1.99726,0.994537
7.79,0.997954,1.99795,0.995912
7.8,0.998543,1.99854,0.997089
7.81,0.999033,1.99903,0.998067
7.82,0.999423,1.99942,0.998846
7.83,0.999712,1.99971,0.999425
7.84,0.999902,1.9999,0.999804
7.85,0.999992,1.99999,0.999984
7.86,0.999982,1.99998,0.999964
7.87,0.999872,1.99987,0.999743
7.88,0.999662,1.99966,0.999323
7.89,0.999351,1.99935,0.998703
7.9,0.998941,1.99894,0.997884
7.91,0.998431,1.99843,0.996865
7.92,0.997822,1.99782,0.995648
7.93,0.997112,1.99711,0.994232
7.94,0.996303,1.9963,0.992619
7.95,0.995394,1.99539,0.990809
7.96,0.994385,1.99439,0.988802
7.97,0.993277,1.99328,0.9866
7.98,0.99207,1.99207,0.984203
7.99,0.990764,1.99076,0.981613
8,0.989358,1.98936,0.97883
8.01,0.987854,1.98785,0.975855
8.02,0.986251,1.98625,0.97269
8.03,0.984549,1.98455,0.969336
8.04,0.982748,1.98275,0.965795
8.05,0.98085,1.98085,0.962066
8.06,0.978853,1.97885,0.958153
8.07,0.976759,1.97676,0.954057
8.08,0.974566,1.97457,0.94978
8.09,0.972277,1.97228,0.945322
8.1,0.96989,1.96989,0.940686
8.11,0.967406,1.96741,0.935874
8.12,0.964825,1.96483,0.930888
8.13,0.962148,1.96215,0.925729
8.14,0.959375,1.95937,0.9204
8.15,0.956506,1.95651,0.914903
8.16,0.953541,1.95354,0.90924
8.17,0.95048,1.95048,0.903413
8.18,0.947325,1.94732,0.897425
8.19,0.944075,1.94408,0.891278
8.2,0.940731,1.94073,0.884974
8.21,0.937292,1.93729,0.878516
8.22,0.93376,1.93376,0.871907
8.23,0.930134,1.93013,0.86515
8.24,0.926416,1.92642,0.858246
8.25,0.922604,1.9226,0.851198
8.26,0.918701,1.9187,0.844011
8.27,0.914705,1.91471,0.836685
8.28,0.910618,1.91062,0.829226
8.29,0.90644,1.90644,0.821634
8.3,0.902172,1.90217,0.813914
8.31,0.897813,1.89781,0.806068
8.32,0.893365,1.89336,0.7981
8.33,0.888827,1.88883,0.790013
8.34,0.8842,1.8842,0.781809
8.35,0.879484,1.87948,0.773493
8.36,0.874681,1.87468,0.765068
8.37,0.869791,1.86979,0.756536
8.38,0.864813,1.86481,0.747902
8.39,0.859749,1.85975,0.739168
8.4,0.854599,1.8546,0.73034
8.41,0.849363,1.84936,0.721418
8.42,0.844043,1.84404,0.712408
8.43,0.838638,1.83864,0.703314
8.44,0.83315,1.83315,0.694138
8.45,0.827577,1.82758,0.684884
8.46,0.821922,1.82192,0.675556
8.47,0.816185,1.81619,0.666158
8.48,0.810367,1.81037,0.656695
8.49,0.804467,1.80447,0.647168
8.5,0.798487,1.79849,0.637582
8.51,0.792427,1.79243,0.627941
8.52,0.786288,1.78629,0.618248
8.53,0.78007,1.78007,0.60851
8.54,0.773774,1.77377,0.598727
8.55,0.767401,1.7674,0.588904
8.56,0.760951,1.76095,0.579046
8.57,0.754425,1.75443,0.569158
8.58,0.747824,1.74782,0.55924
8.59,0.741147,1.74115,0.549299
8.6,0.734397,1.7344,0.539339
8.61,0.727574,1.72757,0.529363
8.62,0.720677,1.72068,0.519375
8.63,0.713708,1.71371,0.509379
8.64,0.706668,1.70667,0.499379
8.65,0.699558,1.69956,0.489381
8.66,0.692377,1.69238,0.479386
8.67,0.685127,1.68513,0.469399
8.68,0.677808,1.67781,0.459424
8.69,0.670423,1.67042,0.449467
8.7,0.662969,1.66297,0.439528
8.71,0.65545,1.65545,0.429614
8.72,0.647865,1.64786,0.419728
8.73,0.640215,1.64022,0.409876
8.74,0.632501,1.6325,0.400058
8.75,0.624724,1.62472,0.39028
8.76,0.616884,1.61688,0.380546
8.77,0.608983,1.60898,0.37086
8.78,0.601021,1.60102,0.361227
8.79,0.592999,1.593,0.351648
8.8,0.584917,1.58492,0.342128
8.81,0.576777,1.57678,0.332671
8.82,0.56858,1.56858,0.323283
8.83,0.560325,1.56032,0.313964
8.84,0.552014,1.55201,0.30472
8.85,0.543648,1.54365,0.295553
8.86,0.535229,1.53523,0.28647
8.87,0.526755,1.52675,0.27747
8.88,0.518228,1.51823,0.26856
8.89,0.50965,1.50965,0.259743
8.9,0.501021,1.50102,0.251022
8.91,0.492342,1.49234,0.2424
8.92,0.483613,1.48361,0.233882
8.93,0.474836,1.47484,0.225469
8.94,0.466012,1.46601,0.217167
8.95,0.457141,1.45714,0.208978
8.96,0.448224,1.44822,0.200905
8.97,0.439263,1.43926,0.192952
8.98,0.430258,1.43026,0.185122
8.99,0.421209,1.42121,0.177417
9,0.412118,1.41212,0.169842
9.01,0.402987,1.40299,0.162398
9.02,0.393814,1.39381,0.15509
9.03,0.384603,1.3846,0.14792
9.04,0.375353,1.37535,0.14089
9.05,0.366066,1.36607,0.134004
9.06,0.356741,1.35674,0.127264
9.07,0.347382,1.34738,0.120675
9.08,0.337988,1.33799,0.114236
9.09,0.328559,1.32856,0.107951
9.1,0.319098,1.3191,0.101824
9.11,0.309606,1.30961,0.0958557
9.12,0.300081,1.30008,0.0900489
9.13,0.290527,1.29053,0.0844061
9.14,0.280944,1.28094,0.0789295
9.15,0.271334,1.27133,0.0736219
9.16,0.261695,1.2617,0.0684843
9.17,0.25203,1.25203,0.0635194
9.18,0.242341,1.24234,0.058729
9.19,0.232627,1.23263,0.0541155
9.2,0.22289,1.22289,0.04968
9.21,0.21313,1.21313,0.0454246
9.22,0.20335,1.20335,0.041351
9.23,0.193549,1.19355,0.0374613
9.24,0.183729,1.18373,0.0337562
9.25,0.173889,1.17389,0.0302376
9.26,0.164033,1.16403,0.0269068
9.27,0.15416,1.15416,0.0237654
9.28,0.144273,1.14427,0.0208147
9.29,0.13437,1.13437,0.0180554
9.3,0.124454,1.12445,0.0154889
9.31,0.114526,1.11453,0.0131161
9.32,0.104587,1.10459,0.0109384
9.33,0.0946362,1.09464,0.00895601
9.34,0.0846763,1.08468,0.00717007
9.35,0.0747079,1.07471,0.00558127
9.36,0.064733,1.06473,0.00419036
9.37,0.0547507,1.05475,0.00299764
9.38,0.0447629,1.04476,0.00200372
9.39,0.0347706,1.03477,0.001209
9.4,0.0247758,1.02478,0.000613841
9.41,0.0147776,1.01478,0.000218377
9.42,0.00477787,1.00478,2.2828e-05
9.43,-0.00522232,0.994778,2.72726e-05
9.44,-0.015221,0.984779,0.00023168
9.45,-0.0252192,0.974781,0.000636007
9.46,-0.0352148,0.964785,0.00124008
9.47,-0.0452069,0.954793,0.00204366
9.48,-0.0551935,0.944806,0.00304632
9.49,-0.0651756,0.934824,0.00424786
9.5,-0.0751511,0.924849,0.00564769
9.51,-0.0851191,0.914881,0.00724527
9.52,-0.0950787,0.904921,0.00903995
9.53,-0.105028,0.894972,0.0110308
9.54,-0.114967,0.885033,0.0132175
9.55,-0.124895,0.875105,0.0155988
9.56,-0.134811,0.865189,0.0181739
9.57,-0.144712,0.855288,0.0209415
9.58,-0.154599,0.845401,0.023901
9.59,-0.164472,0.835528,0.0270509
9.6,-0.174327,0.825673,0.03039
9.61,-0.184164,0.815836,0.0339165
9.62,-0.193984,0.806016,0.0376299
9.63,-0.203785,0.796215,0.0415282
9.64,-0.213565,0.786435,0.0456099
9.65,-0.223322,0.776678,0.0498729
9.66,-0.233059,0.766941,0.0543164
9.67,-0.242772,0.757228,0.0589381
9.68,-0.252461,0.747539,0.0637363
9.69,-0.262123,0.737877,0.0687085
9.7,-0.27176,0.72824,0.0738537
9.71,-0.281371,0.718629,0.0791694
9.72,-0.290953,0.709047,0.0846534
9.73,-0.300505,0.699495,0.090303
9.74,-0.310027,0.689973,0.096117
9.75,-0.319519,0.680481,0.102093
9.76,-0.328979,0.671021,0.108227
9.77,-0.338406,0.661594,0.114519
9.78,-0.347798,0.652202,0.120964
9.79,-0.357157,0.642843,0.127561
9.8,-0.366479,0.633521,0.134307
9.81,-0.375765,0.624235,0.1412
9.82,-0.385013,0.614987,0.148235
9.83,-0.394223,0.605777,0.155412
9.84,-0.403393,0.596607,0.162726
9.85,-0.412523,0.587477,0.170176
9.86,-0.421611,0.578389,0.177756
9.87,-0.430658,0.569342,0.185466
9.88,-0.439662,0.560338,0.193303
9.89,-0.448622,0.551378,0.201261
9.9,-0.457536,0.542464,0.209339
9.91,-0.466405,0.533595,0.217533
9.92,-0.475227,0.524773,0.225841
9.93,-0.484002,0.515998,0.234258
9.94,-0.492728,0.507272,0.242781
9.95,-0.501405,0.498595,0.251407
9.96,-0.510032,0.489968,0.260133
9.97,-0.518608,0.481392,0.268954
9.98,-0.527132,0.472868,0.277868
9.99,-0.535603,0.464397,0.286871
